chunk_id,source_id,record_type,word_count,page_start,page_end,section,rule,clause,heading,warning,audit_flags,severity,groups,text_excerpt
MSCS_AMD_2023_ITEM_17,MSCS_AMD_2023,child,1894,7,10,,,,"For section 45 of the principal Act, the following sections shall be substituted,",LONG_CHUNK_NO_SAFE_SPLIT,METADATA_REVIEW;TOPIC_TAG_REVIEW,REVIEW,A_LONG,"17. For section 45 of the principal Act, the following sections shall be substituted,

Substitution of new section

namely:––

for section 45.

‘45. (1) The Central Government shall, by notification, "
MSCS_RULES_2002_CONTEXT_022,MSCS_RULES_2002,child,924,19,21,,,,,LONG_CHUNK_NO_SAFE_SPLIT;RULE_IDENTIFIER_MISSING;STRUCTURE_UNCERTAIN,METADATA_REVIEW;MISSING_STRUCTURAL_ID;TOPIC_TAG_REVIEW,REVIEW,A_LONG;E_STRUCTURE,"Chapter 6 Appeals and Review

Appeals 31.

For the purpose of sub-section (2) of section 99, an appeal against any decision or order shall be made, if the decision or order was made by–

(a) the Centr"
MSCS_RULES_2002_RULE_36,MSCS_RULES_2002,child,1171,23,25,,36,,Mode of service of summon,LONG_CHUNK_NO_SAFE_SPLIT;STRUCTURE_UNCERTAIN,METADATA_REVIEW;TOPIC_TAG_REVIEW,REVIEW,A_LONG;E_STRUCTURE,"Chapter 9 Miscellaneous

36. Mode of service of summon

(1) Every summon issued under the Act or these rules shall be in writing, shall be authenticated by the sea, if any, of the officer by whom it i"
MSCS_RULES_2002_FORM_026,MSCS_RULES_2002,child,5025,25,37,,,,the form specified by the Central Registrar with one or more sufficient,LONG_CHUNK_NO_SAFE_SPLIT,METADATA_REVIEW;MISSING_STRUCTURAL_ID,REVIEW,A_LONG;C_TOP20_LONG,"the form specified by the Central Registrar with one or more sufficient sureties for the production of the property as and when called for.

(c) The distress shall be made after sunrise and before sun"
MSCS_RULES_2002_SCHEDULE_027,MSCS_RULES_2002,child,4087,37,46,,,,SCHEDULE,LONG_CHUNK_NO_SAFE_SPLIT,METADATA_REVIEW,REVIEW,A_LONG;C_TOP20_LONG,"SCHEDULE

1. Procedure for the conduct of election to the board of Multi-State Co-operative Societies

(a) The board of Directors in office shall meet, at least, sixty clear days in advance of the dat"
MSCS_RULES_AMD_2023_CONTEXT_001,MSCS_RULES_AMD_2023,child,14562,1,27,,,,,LONG_CHUNK_NO_SAFE_SPLIT;STRUCTURE_UNCERTAIN,METADATA_REVIEW,REVIEW,A_LONG;E_STRUCTURE;C_TOP20_LONG,"रजिस्ट्री सं. डी.एल.- 33004/99 REGD. No. D. L.-33004/99

सी.जी.-डी.एल.-अ.-04082023-247863

xxxGIDHxxx

CG-DL-E-04082023-247863

xxxGIDExxx

असाधारण EXTRAORDINARY

भाग II—खण् ड 3—उप-खण् ड (i) PART II—S"
MSCS_RULES_AMD_2023_ITEM_4,MSCS_RULES_AMD_2023,child,6914,28,36,,,,"In the principal rules, for rule 19, the following rules shall be substituted, namely:",LONG_CHUNK_NO_SAFE_SPLIT,METADATA_REVIEW,REVIEW,A_LONG;C_TOP20_LONG,"4. In the principal rules, for rule 19, the following rules shall be substituted, namely:—

“19. Composition of Selection Committee.— (1) The Chairperson of the Authority, the Vice-Chairperson and eve"
MSCS_RULES_AMD_2023_ITEM_7,MSCS_RULES_AMD_2023,child,1331,37,40,,,,"In the principal rules, after Chapter 5, the following Chapter shall be inserted, namely:",LONG_CHUNK_NO_SAFE_SPLIT,FORM_NUMBER_MISSING;METADATA_REVIEW;TOPIC_TAG_REVIEW,REVIEW,A_LONG,"7. In the principal rules, after Chapter 5, the following Chapter shall be inserted, namely:— [भाग II—खण्‍ड 3(i)] भारत‍का‍राजपत्र‍:‍असाधारण

‘CHAPTER 5A

CO-OPERATIVE OMBUDSMAN

30A. Appointment and J"
MSCS_RULES_AMD_2023_ITEM_10,MSCS_RULES_AMD_2023,child,937,40,42,,,,"In the principal rules, after rule 37, the following rules shall be inserted namely:",LONG_CHUNK_NO_SAFE_SPLIT;MALFORMED_NUMBERING_HIERARCHY,METADATA_REVIEW,REVIEW,A_LONG,"10. In the principal rules, after rule 37, the following rules shall be inserted namely:—

“37A. Recruitment of employees in Co-operative Societies.— The recruitment of employees at various levels wou"
KA_ACT_1959_CONTEXT_005,KA_ACT_1959,child,9333,8,33,,,,,LONG_CHUNK_NO_SAFE_SPLIT;SECTION_IDENTIFIER_MISSING;STRUCTURE_UNCERTAIN,METADATA_REVIEW;MISSING_STRUCTURAL_ID,REVIEW,A_LONG;E_STRUCTURE;C_TOP20_LONG,"CHAPTER XIV

OFFENCES AND PENALTIES.

109. Offences.

110. Offences by Companies.

110A. Power to compound offences.

111. Cognizance of offences.

CHAPTER XV

MISCELLANEOUS

111A. Omitted.

111B. Pre"
KA_ACT_1959_SEC_2,KA_ACT_1959,child,2223,33,40,2,,,Definitions,LONG_CHUNK_NO_SAFE_SPLIT;STRUCTURE_UNCERTAIN,METADATA_REVIEW,REVIEW,A_LONG;E_STRUCTURE;C_TOP20_LONG,"2. Definitions.- In this Act, unless the context otherwise requires,—

1 [(a) ‗Apex Society‘ means a federal society whose area of operation extends to the whole

of the State;

5 [(a-1) ‗Area of oper"
KA_ACT_1959_SEC_2A,KA_ACT_1959,child,907,40,42,2A,,,"Registrar, Additional Registrars, Joint Registrars, Deputy Registrars [,State",LONG_CHUNK_NO_SAFE_SPLIT;STRUCTURE_UNCERTAIN,METADATA_REVIEW;TOPIC_TAG_REVIEW,REVIEW,A_LONG;E_STRUCTURE,"2A. Registrar, Additional Registrars, Joint Registrars, Deputy Registrars [,State

2

Representatives]

and Assistant Registrars.-

(1) The State Government may appoint a

person to be the Registrar o"
KA_ACT_1959_SEC_28A,KA_ACT_1959,child,2235,64,70,28A,,,Management of co-operative societies vest in the *board*,LONG_CHUNK_NO_SAFE_SPLIT;STRUCTURE_UNCERTAIN,METADATA_REVIEW;TOPIC_TAG_REVIEW,REVIEW,A_LONG;E_STRUCTURE;C_TOP20_LONG,"[28A. Management of co-operative societies vest in the *board*.-

(1) The

management of a co-operative society shall vest in a *board* constituted in accordance with

this Act, the rules and the bye-"
KA_ACT_1959_SEC_29G_SUB_6,KA_ACT_1959,child,994,79,81,29G,,,Appointment of Chief Executive,LONG_CHUNK_NO_SAFE_SPLIT,METADATA_REVIEW;TOPIC_TAG_REVIEW,REVIEW,A_LONG,"(6) In respect of primary co-operative societies, the Chief Executive shall send a [copy of

1

the receipt and payment account] duly certified by him every month to the Registrar and the

financing b"
KA_ACT_1959_SEC_39_SUB_2,KA_ACT_1959,child,1078,88,91,39,,,Registration of documents executed on behalf of co-operative societies,LONG_CHUNK_NO_SAFE_SPLIT,METADATA_REVIEW;TOPIC_TAG_REVIEW,REVIEW,A_LONG,"(2) Where any instrument is so executed, the registering officer to whom such instrument

is presented for registration may, if he thinks fit, refer to such member, secretary or officer for

informati"
KA_ACT_1959_CONTEXT_093,KA_ACT_1959,child,2483,104,109,,,,,LONG_CHUNK_NO_SAFE_SPLIT;SECTION_IDENTIFIER_MISSING;STRUCTURE_UNCERTAIN,METADATA_REVIEW;MISSING_STRUCTURAL_ID;TOPIC_TAG_REVIEW,REVIEW,A_LONG;E_STRUCTURE;C_TOP20_LONG,"CHAPTER VIII

AUDIT, INQUIRY, INSPECTION AND SURCHARGE.

1 [63 Audit.- (1) Every Cooperative society shall get its accounts audited at least

once in a year before the first of September following the"
KA_ACT_1959_SEC_129_SUB_2,KA_ACT_1959,child,1185,172,175,129,,,Powers to make rules,LONG_CHUNK_NO_SAFE_SPLIT,METADATA_REVIEW;TOPIC_TAG_REVIEW,REVIEW,A_LONG,"(2) In particular, and without prejudice to the generality of the foregoing power, such rules

may provide for all or any of the following matters, namely:—

(a) the applicant to whom the order refusi"
KA_ACT_1959_SEC_37_002,KA_ACT_1959,child,1355,179,185,37,,,Repeal and Savings,LONG_CHUNK_NO_SAFE_SPLIT;STRUCTURE_UNCERTAIN,METADATA_REVIEW,REVIEW,A_LONG;E_STRUCTURE,"37. Repeal and Savings.-

(1) The Karnataka Co-operative Societies (Amendment)

Ordinance, 2009 (Karnataka Ordinance No. 8 of 2009) is hereby repealed.

(2) Notwithstanding such repeal anything done o"
MH_ACT_1960_CONTEXT_001,MH_ACT_1960,child,3546,1,14,,,,,LEGACY_FONT_ENCODING_REVIEW;LONG_CHUNK_NO_SAFE_SPLIT;SECTION_IDENTIFIER_MISSING;STRUCTURE_UNCERTAIN;TABLE_REVIEW,METADATA_REVIEW;MISSING_STRUCTURAL_ID,REVIEW,A_LONG;E_STRUCTURE;F_TABLE;C_TOP20_LONG,"¨É½þÉ®úÉ¹]Åõ ¶ÉÉºÉxÉ

Ê´ÉÊvÉ ´É xªÉÉªÉ Ê´É¦ÉÉMÉ

ºÉxÉ 1961 SÉÉ ¨É½þÉ®úÉ¹]Åõ +ÊvÉÊxÉªÉ¨É Gò¨ÉÉÆEò 24

¨É½þÉ®úÉ¹]Åõ ºÉ½þEòÉ®úÒ ºÉÆºlÉÉ

+ÊvÉÊxÉªÉ¨É, 1960

( ÊnùxÉÉÆEò 20 VÉÖ±Éè 2016 {ÉªÉÈiÉ ºÉÖvÉÉÊ®úiÉ "
MH_ACT_1960_SEC_2,MH_ACT_1960,child,2609,14,18,2,,,"ºÉÆnù¦ÉÉÇxÉÖºÉÉ®ú nÖùºÉ®úÉ +lÉÇ +Ê¦É|ÉäiÉ xÉºÉä±É iÉ®ú, ªÉÉ +ÊvÉÊxÉªÉ¨ÉÉiÉ,",LEGACY_FONT_ENCODING_REVIEW;LONG_CHUNK_NO_SAFE_SPLIT,METADATA_REVIEW;TOPIC_TAG_REVIEW,REVIEW,A_LONG;C_TOP20_LONG,"2. ºÉÆnù¦ÉÉÇxÉÖºÉÉ®ú nÖùºÉ®úÉ +lÉÇ +Ê¦É|ÉäiÉ xÉºÉä±É iÉ®ú, ªÉÉ +ÊvÉÊxÉªÉ¨ÉÉiÉ,--

´ªÉÉJªÉÉ.

(1) “ EÞòÊ¹É {ÉhÉxÉ ºÉÆºlÉÉ ” ªÉÉSÉÉ +lÉÇ,---

(+) VªÉÉ ºÉÆºlÉäSÉä =Êqù¹]õ ¶ÉäiÉÒSªÉÉ =i{ÉzÉÉSÉÒ JÉ®äúnùÒ-Ê"
MH_ACT_1960_SEC_17,MH_ACT_1960,child,4941,22,30,17,,,,LEGACY_FONT_ENCODING_REVIEW;LONG_CHUNK_NO_SAFE_SPLIT;STRUCTURE_UNCERTAIN,METADATA_REVIEW;TOPIC_TAG_REVIEW,REVIEW,A_LONG;E_STRUCTURE;C_TOP20_LONG,"17.

(1) ºÉÆºlÉäºÉ ÊxÉ¤ÉÆvÉEòÉSªÉÉ {ÉÚ´ÉÇ¨ÉÉxªÉiÉäxÉä, iªÉÉ |ÉªÉÉäVÉxÉÉºÉÉ`öÒ ¦É®úÊ´É±Éä±ªÉÉ Ê´É¶Éä¹É ËEò´ÉÉ ºÉ´ÉÇºÉÉvÉÉ®úhÉ ¤Éè`öEòÒºÉ ½þVÉ®ú +ºÉ±Éä±ªÉÉ

ºÉÆºlÉÉSÉä BEòÊjÉEò®úhÉ

´É ¨ÉiÉ näùhÉÉ-ªÉÉ º"
MH_ACT_1960_SEC_41,MH_ACT_1960,child,1550,37,39,41,,,"¦ÉÉ®úiÉÒªÉ xÉÉånùhÉÒ +ÊvÉÊxÉªÉ¨É, 1908 ªÉÉiÉÒ±É Eò±É¨É 17, {ÉÉä]õ-Eò±É¨É (1), JÉÆb÷ (¤É) ´É (Eò) ¨ÉvÉÒ±É EòÉähÉiÉÒ½þÒ MÉÉä¹]õ",LEGACY_FONT_ENCODING_REVIEW;LONG_CHUNK_NO_SAFE_SPLIT,METADATA_REVIEW;TOPIC_TAG_REVIEW,REVIEW,A_LONG,"41. ¦ÉÉ®úiÉÒªÉ xÉÉånùhÉÒ +ÊvÉÊxÉªÉ¨É, 1908 ªÉÉiÉÒ±É Eò±É¨É 17, {ÉÉä]õ-Eò±É¨É (1), JÉÆb÷ (¤É) ´É (Eò) ¨ÉvÉÒ±É EòÉähÉiÉÒ½þÒ MÉÉä¹]õ

´É @ñhÉ{ÉjÉä ªÉÉ

SÉÉ 16.

{ÉÖføÒ±É ¤ÉÉ¤ÉiÉÒiÉ ±ÉÉMÉÚ +ºÉhÉÉ®ú xÉÉ½þÒ"
MH_ACT_1960_SEC_47,MH_ACT_1960,child,2529,39,43,47,,,,LEGACY_FONT_ENCODING_REVIEW;LONG_CHUNK_NO_SAFE_SPLIT;STRUCTURE_UNCERTAIN,METADATA_REVIEW;TOPIC_TAG_REVIEW,REVIEW,A_LONG;E_STRUCTURE;C_TOP20_LONG,"47.

(1) iªÉÉ iªÉÉ´Éä³ýÒ +Æ¨É±ÉÉiÉ +ºÉ±Éä±ªÉÉ <iÉ®ú EòÉähÉiªÉÉ½þÒ EòÉªÉtÉiÉ EòÉ½þÒ½þÒ +ÆiÉ¦ÉÚÈiÉ +ºÉ±Éä iÉ®úÒ {É®ÆúiÉÖ, VÉ¨ÉÒxÉ

1908

+OÉ½þCEò.

SÉÉ 5.

¨É½þºÉÖ±ÉÉºÉÆ¤ÉÆvÉÒSªÉÉ ËEò´ÉÉ VÉ¨ÉÒxÉ ¨É½þºÉÖ"
MH_ACT_1960_SEC_72,MH_ACT_1960,child,2123,48,51,72,,,ªÉÉ +ÊvÉÊxÉªÉ¨ÉÉiÉÒ±É +ÉÊhÉ ÊxÉªÉ¨ÉÉÆiÉÒ±É iÉ®úiÉÖnùÒºÉ +vÉÒxÉ ®úÉ½ÚþxÉ |ÉiªÉäEò ºÉÆºlÉäºÉÆ¤ÉÆvÉÒSÉÉ +ÆÊiÉ¨É |ÉÉÊvÉEòÉ®ú ={ÉÊ´ÉÊvÉiÉ,LEGACY_FONT_ENCODING_REVIEW;LONG_CHUNK_NO_SAFE_SPLIT;STRUCTURE_UNCERTAIN;TABLE_REVIEW,METADATA_REVIEW;TOPIC_TAG_REVIEW,REVIEW,A_LONG;E_STRUCTURE;F_TABLE,"72. ªÉÉ +ÊvÉÊxÉªÉ¨ÉÉiÉÒ±É +ÉÊhÉ ÊxÉªÉ¨ÉÉÆiÉÒ±É iÉ®úiÉÖnùÒºÉ +vÉÒxÉ ®úÉ½ÚþxÉ |ÉiªÉäEò ºÉÆºlÉäºÉÆ¤ÉÆvÉÒSÉÉ +ÆÊiÉ¨É |ÉÉÊvÉEòÉ®ú ={ÉÊ´ÉÊvÉiÉ

ºÉÆºlÉäºÉÆ¤ÉÆvÉÒSÉÉ +ÆÊiÉ¨É

4[ºÉÆºlÉäSªÉÉ Ê´ÉÊxÉÌnù¹]õ Eò®úhª"
MH_ACT_1960_SEC_73,MH_ACT_1960,child,3959,52,59,73,,,+++,LEGACY_FONT_ENCODING_REVIEW;LONG_CHUNK_NO_SAFE_SPLIT;STRUCTURE_UNCERTAIN;TABLE_REVIEW,METADATA_REVIEW;TOPIC_TAG_REVIEW,REVIEW,A_LONG;E_STRUCTURE;F_TABLE;C_TOP20_LONG,"1[ 73.+++.

(1) ={ÉÊ´ÉvÉÒ¨ÉvªÉä iÉ®úiÉÚnù Eò®úhªÉÉiÉ ªÉä<Ç±É <iÉCªÉÉ ºÉnùºªÉ ºÉÆJªÉäSÉÉ ºÉÊ¨ÉiÉÒiÉ +ÆiÉ¦ÉÉÇ´É +ºÉä±É ;

ºÉÊ¨ÉiÉÒSÉÒ ®úSÉxÉÉ Eò®úhÉä.

{É®ÆúiÉÖ, ºÉÊ¨ÉiÉÒSªÉÉ ºÉnùºªÉÉÆSÉÒ Eò¨ÉÉ±É ºÉÆJªÉ"
MH_ACT_1960_SEC_77,MH_ACT_1960,child,934,61,63,77,,,,LEGACY_FONT_ENCODING_REVIEW;LONG_CHUNK_NO_SAFE_SPLIT;STRUCTURE_UNCERTAIN,METADATA_REVIEW;TOPIC_TAG_REVIEW,REVIEW,A_LONG;E_STRUCTURE,"77.

(1) BJÉÉtÉ ºÉÆºlÉäxÉä ËEò´ÉÉ ºÉÊ¨ÉiÉÒxÉä EòÉähÉiªÉÉ½þÒ +ÊvÉEòÉ-ªÉÉxÉä ºÉÆºlÉäSªÉÉ EòÉ¨ÉEòÉVÉÉºÉ +xÉÖºÉ°üxÉ ºÉnÂù¦ÉÉ´É{ÉÚ´ÉÇEò Eäò±Éä±Éä

ºÉÆºlÉÉ, ´ÉMÉè®åúxÉÒ

Eäò±Éä±ÉÒ EÞòiªÉä

EòÉähÉiÉä½þÒ EÞòi"
MH_ACT_1960_SEC_79,MH_ACT_1960,child,1184,65,67,79,,,,LEGACY_FONT_ENCODING_REVIEW;LONG_CHUNK_NO_SAFE_SPLIT;STRUCTURE_UNCERTAIN,METADATA_REVIEW;TOPIC_TAG_REVIEW,REVIEW,A_LONG;E_STRUCTURE,"79.

(1) ÊxÉ¤ÉÆvÉEòÉºÉ, EòÉähÉiªÉÉ½þÒ ºÉÆºlÉäiÉ ËEò´ÉÉ ºÉÆºlÉÉÆSªÉÉ ´ÉMÉÉÇºÉ Ê¨É³ýÉ±Éä±ªÉÉ +ÉÊhÉ ÊiÉxÉä JÉSÉÇ Eäò±Éä±ªÉÉ ºÉ´ÉÇ ®úEò¨ÉÉ +ÉÊhÉ

Ê´É´É®úhÉ{ÉjÉä

VªÉÉ ¤ÉÉ¤ÉÒºÉÆ¤ÉÆvÉÒ ®úEò¨ÉÉ Ê¨É³ýiÉÒ±É +É"
MH_ACT_1960_SEC_80,MH_ACT_1960,child,3141,67,72,80,,,,LEGACY_FONT_ENCODING_REVIEW;LONG_CHUNK_NO_SAFE_SPLIT;STRUCTURE_UNCERTAIN,METADATA_REVIEW;TOPIC_TAG_REVIEW,REVIEW,A_LONG;E_STRUCTURE;C_TOP20_LONG,"80.

(1) ºÉÆºlÉäSÉÒ {ÉÖºiÉEäò +ÉÊhÉ +Ê¦É±ÉäJÉ nùb÷´ÉÚxÉ ]õÉEòhªÉÉiÉ ªÉähªÉÉSÉÉ, iªÉÉiÉ +xÉÊvÉEÞòiÉ Ê¡ò®ú´ÉÉÊ¡ò®ú´É Eò®úhªÉÉSÉÉ ËEò´ÉÉ iÉÒ

+Ê¦É±ÉäJÉ, ´ÉMÉè®äú

VÉ{iÉ Eò®úhªÉÉSÉÉ

xÉ¹]õ Eäò±ÉÒ VÉÉhªÉÉS"
MH_ACT_1960_SEC_90,MH_ACT_1960,child,1431,75,77,90,,,,LEGACY_FONT_ENCODING_REVIEW;LONG_CHUNK_NO_SAFE_SPLIT;STRUCTURE_UNCERTAIN,METADATA_REVIEW;TOPIC_TAG_REVIEW,REVIEW,A_LONG;E_STRUCTURE,"90.

(1) ®úÉVªÉ ¶ÉÉºÉxÉÉºÉ BJÉÉtÉ ºÉÆºlÉä´É®ú ËEò´ÉÉ ºÉÆºlÉÉ´ÉMÉÉÇ´É®ú {ÉªÉÇ´ÉäIÉhÉ Eò®úhªÉÉºÉÉ`öÒ Ê´É½þÒiÉ Eò®úhªÉÉiÉ ªÉä<Ç±É +¶ÉÉ ®úÒiÉÒxÉä

ºÉÆºlÉäSªÉÉ EòÉ¨ÉEòÉVÉÉ´É®ú

+ÉÊhÉ ®úÉVªÉ ¶ÉÉºÉxÉ ¤ÉºÉ´ÉÒ"
MH_ACT_1960_SEC_93_SUB_3,MH_ACT_1960,child,1136,78,80,93,,,,LEGACY_FONT_ENCODING_REVIEW;LONG_CHUNK_NO_SAFE_SPLIT,METADATA_REVIEW;TOPIC_TAG_REVIEW,REVIEW,A_LONG,"7[(3) ªÉÉ +ÊvÉÊxÉªÉ¨ÉÉiÉ EòÉ½þÒ½þÒ +ÆiÉ¦ÉÚÇiÉ +ºÉ±Éä iÉ®úÒ, ºÉ¨ÉZÉÉäiªÉÉSÉä PÉ]õEò {ÉIÉEòÉ®úÉÆxÉÉ º´ÉÒEòÉªÉÇ +ºÉiÉÒ±É +ºÉä ºÉ¨ÉZÉÉäiªÉÉSÉä PÉ]õEò +ÎºiÉi´ÉÉiÉ +ºÉ±ªÉÉSÉä ºÉ½þEòÉ®úÒ xªÉÉªÉÉ±ÉªÉÉºÉ ÊnùºÉ"
MH_ACT_1960_SEC_96_SUB_3,MH_ACT_1960,child,1190,82,84,96,,,"BJÉÉnùÉ Ê´É´ÉÉnù 3[ºÉ½þEòÉ®úÒ xªÉÉªÉÉ±ÉªÉÉEòbä÷ ÊxÉhÉÇªÉÉlÉÇ ÊxÉnæùÊ¶ÉiÉ Eò®úhªÉÉiÉ +É±ÉÉ +ºÉä±É iÉä´½þÉ iªÉÉºÉ, Ê´É´ÉÉnùÉiÉÒ±É",LEGACY_FONT_ENCODING_REVIEW;LONG_CHUNK_NO_SAFE_SPLIT,METADATA_REVIEW;TOPIC_TAG_REVIEW,REVIEW,A_LONG,"(3) ªÉÉ¤ÉÉ¤ÉiÉÒiÉ VÉä ÊxÉªÉ¨É Eò®úhªÉÉiÉ ªÉäiÉÒ±É iªÉÉ ÊxÉªÉ¨ÉÉÆºÉ, iÉºÉäSÉ EòÉähÉiªÉÉ½þÒ ´ªÉCiÉÒSªÉÉ ´ÉiÉÒxÉä EòÉähÉiÉä½þÒ ½þCEò, ¤ÉÉäVÉä, ¦ÉÉ®ú ËEò´ÉÉ ºÉ¨ÉxªÉÉÊªÉEäò EòÉªÉnäù¶ÉÒ®ú®úÒiªÉÉ +ÎºiÉi´ÉÉiÉ"
MH_ACT_1960_SEC_103_SUB_6,MH_ACT_1960,child,909,84,86,103,,,,LEGACY_FONT_ENCODING_REVIEW;LONG_CHUNK_NO_SAFE_SPLIT,METADATA_REVIEW;TOPIC_TAG_REVIEW,REVIEW,A_LONG,"(6) +ÆiÉÊ®ú¨É +Énäù¶É Ê´É±ÉÉäÊ{ÉiÉ Eò®úhªÉÉiÉ +É±ÉÉ +ºÉiÉÉ {ÉÊ®úºÉ¨ÉÉ{ÉEò ¨½þhÉÚxÉ xÉä¨ÉhªÉÉiÉ +É±Éä±ÉÒ ´ªÉCiÉÒ, ºÉÆºlÉäSÉÒ ¨ÉÉ±É¨ÉkÉÉ, SÉÒVÉ´ÉºiÉÚ ´É EòÉ®ú´ÉÉ<ÇªÉÉäMªÉ nùÉ´Éä +ÉÊhÉ {ÉÖºiÉEäò, EòÉMÉnù"
MH_ACT_1960_SEC_110,MH_ACT_1960,child,3670,87,94,110,,,"ºÉ¨ÉÉÊ{ÉiÉ Eò®úhªÉÉiÉ +É±Éä±ªÉÉ ºÉÆºlÉäSªÉÉ {ÉÊ®úºÉ¨ÉÉ{ÉEòÉSªÉÉ +ÆÊiÉ¨É +½þ´ÉÉ±ÉÉiÉ nù¶ÉÇÊ´É±Éä±ÉÒ +ÊvÉ¶Éä¹É ¨ÉkÉÉ, ÊxÉ¤ÉÆvÉEòÉºÉ ®úÉVªÉ",LEGACY_FONT_ENCODING_REVIEW;LONG_CHUNK_NO_SAFE_SPLIT;STRUCTURE_UNCERTAIN,METADATA_REVIEW;TOPIC_TAG_REVIEW,REVIEW,A_LONG;E_STRUCTURE;C_TOP20_LONG,"110. ºÉ¨ÉÉÊ{ÉiÉ Eò®úhªÉÉiÉ +É±Éä±ªÉÉ ºÉÆºlÉäSªÉÉ {ÉÊ®úºÉ¨ÉÉ{ÉEòÉSªÉÉ +ÆÊiÉ¨É +½þ´ÉÉ±ÉÉiÉ nù¶ÉÇÊ´É±Éä±ÉÒ +ÊvÉ¶Éä¹É ¨ÉkÉÉ, ÊxÉ¤ÉÆvÉEòÉºÉ ®úÉVªÉ

+ÊvÉ¶Éä¹É

¨ÉkÉäSÉÉ

¶ÉÉºÉxÉÉSÉÒ {ÉÚ´ÉÇ¨ÉÆVÉÚ®úÒ PÉä>ðxÉ,"
MH_ACT_1960_SEC_136,MH_ACT_1960,child,1105,101,103,136,,,,LEGACY_FONT_ENCODING_REVIEW;LONG_CHUNK_NO_SAFE_SPLIT;STRUCTURE_UNCERTAIN,METADATA_REVIEW;TOPIC_TAG_REVIEW,REVIEW,A_LONG;E_STRUCTURE,"136.

(1) MÉ½þÉhÉ ¨ÉÉ±É¨ÉkÉäSÉÒ Ê´ÉGòÒ Eò±É¨É 134 +x´ÉªÉä {ÉÚhÉÇ ZÉÉ±ÉÒ +ºÉä±É +ÉÊhÉ

JÉ®äúnùÒnùÉ®úÉºÉ

¤É½Öþ=qäù¶ÉÒªÉ Ê´ÉEòÉºÉ ¤ÉÄEäò±ÉÉ ] Ê´ÉGòÒSÉä =i{ÉzÉ {ÉÚhÉÇ{ÉhÉä Ê¨É³ýÉ±Éä +ºÉä±É iÉä´½þÉ ¤ÉÄEò,"
MH_ACT_1960_SEC_143,MH_ACT_1960,child,1097,103,104,143,,,"ªÉÉ |ÉEò®úhÉÉx´ÉªÉä ¤ÉVÉÉ´ÉÉ´ÉªÉÉSªÉÉ ºÉ´ÉÇ xÉÉäÊ]õ¶ÉÓSªÉÉ ¤ÉÉ¤ÉiÉÒiÉ ºÉÆ{ÉkÉÒ ½þºiÉÉÆiÉ®úhÉ +ÊvÉÊxÉªÉ¨É, 1882 ªÉÉSÉÒ Eò±É¨Éä 102",LEGACY_FONT_ENCODING_REVIEW;LONG_CHUNK_NO_SAFE_SPLIT;STRUCTURE_UNCERTAIN,METADATA_REVIEW;TOPIC_TAG_REVIEW,REVIEW,A_LONG;E_STRUCTURE,"143. ªÉÉ |ÉEò®úhÉÉx´ÉªÉä ¤ÉVÉÉ´ÉÉ´ÉªÉÉSªÉÉ ºÉ´ÉÇ xÉÉäÊ]õ¶ÉÓSªÉÉ ¤ÉÉ¤ÉiÉÒiÉ ºÉÆ{ÉkÉÒ ½þºiÉÉÆiÉ®úhÉ +ÊvÉÊxÉªÉ¨É, 1882 ªÉÉSÉÒ Eò±É¨Éä 102

SÉÉ 4.

´É 103 ªÉÉÆSªÉÉ iÉ®úiÉÖnùÒ +ÉÊhÉ Eò±É¨É 104 +x´ÉªÉä Eäò±"
MH_ACT_1960_SEC_146,MH_ACT_1960,child,3350,105,110,146,,,{ÉÖføÒ±É MÉÉä¹]õÒ ªÉÉ +ÊvÉÊxÉªÉ¨ÉÉx´ÉªÉä +{É®úÉvÉ `ö®úiÉÒ±É :,LEGACY_FONT_ENCODING_REVIEW;LONG_CHUNK_NO_SAFE_SPLIT;STRUCTURE_UNCERTAIN,METADATA_REVIEW;TOPIC_TAG_REVIEW,REVIEW,A_LONG;E_STRUCTURE;C_TOP20_LONG,"146. {ÉÖføÒ±É MÉÉä¹]õÒ ªÉÉ +ÊvÉÊxÉªÉ¨ÉÉx´ÉªÉä +{É®úÉvÉ `ö®úiÉÒ±É :-----

+{É®úÉvÉ.

(+) ºÉÆºlÉäSªÉÉ EòÉähÉiªÉÉ½þÒ ºÉnùºªÉÉxÉä Eò±É¨É 47 SªÉÉ {ÉÉä]õEò±É¨É (2) SÉä =±±ÉÆPÉxÉ Eò°üxÉ EòÉähÉiÉÒ½þÒ ¨ÉÉ±É¨Ék"
MH_ACT_1960_SEC_165,MH_ACT_1960,child,3590,117,124,165,,,,LEGACY_FONT_ENCODING_REVIEW;LONG_CHUNK_NO_SAFE_SPLIT,METADATA_REVIEW;TOPIC_TAG_REVIEW,REVIEW,A_LONG;C_TOP20_LONG,"165.

(1) ®úÉVªÉ ¶ÉÉºÉxÉÉºÉ ºÉÆ{ÉÚhÉÇ ®úÉVªÉÉºÉÉ`öÒ ËEò´ÉÉ iªÉÉSªÉÉ EòÉähÉiªÉÉ½þÒ ¦ÉÉMÉÉºÉÉ`öÒ ´É EòÉähÉiªÉÉ½þÒ ºÉÆºlÉäºÉÉ`öÒ ËEò´ÉÉ ºÉÆºlÉÉÆSªÉÉ ´ÉMÉÉÇºÉÉ`öÒ, +¶ÉÒ ºÉÆºlÉÉ ËEò´ÉÉ ºÉÆºlÉÉÆSÉä ´ÉMÉÇ ªÉ"
MH_RULES_1961_RULE_13,MH_RULES_1961,child,1001,10,11,,13,,Manner of calling upon society to make amendment to bye-laws:- (1),LONG_CHUNK_NO_SAFE_SPLIT;STRUCTURE_UNCERTAIN,METADATA_REVIEW;TOPIC_TAG_REVIEW,REVIEW,A_LONG;E_STRUCTURE,"13. Manner of calling upon society to make amendment to bye-laws:-

(1) Subject to the provisions of this rule, the Registrar may by serving a notice in Form 'E' call upon a society to make such amend"
MH_RULES_1961_RULE_18A_SUB_1,MH_RULES_1961,child,1303,14,16,,18A,,Conditions for realising the assets and liquidating the liabilities of the,LONG_CHUNK_NO_SAFE_SPLIT,METADATA_REVIEW;TOPIC_TAG_REVIEW,REVIEW,A_LONG,"(1) The Official Assignee shall work under the general control, superintendence and directions of the Registrar.

(2) He shall have the following powers for the purposes of realising the assets and fo"
MH_RULES_1961_RULE_53,MH_RULES_1961,child,951,30,33,,53,,Rates of annual contribution to education fund of State Federal,LONG_CHUNK_NO_SAFE_SPLIT,METADATA_REVIEW;TOPIC_TAG_REVIEW,REVIEW,A_LONG,2[53. Rates of annual contribution to education fund of State Federal Society: - The rates at which the classes of societies specified under column (2) of the Table below shall contribute annually und
MH_RULES_1961_RULE_153B,MH_RULES_1961,child,1630,34,36,,153B,,Manner of contributions to be made under the Rule 53A:- (1) The Apex society,LONG_CHUNK_NO_SAFE_SPLIT;STRUCTURE_UNCERTAIN,METADATA_REVIEW,REVIEW,A_LONG;E_STRUCTURE,"153B. Manner of contributions to be made under the Rule 53A:-

(1) The Apex society which has been notified by the State Government under subsection (3) of Section 69-A shall open an account in the na"
MH_RULES_1961_RULE_56A,MH_RULES_1961,child,1229,38,40,,56A,,Manner of election to notified Societies:- (i) The elections of the societies,LONG_CHUNK_NO_SAFE_SPLIT;STRUCTURE_UNCERTAIN,METADATA_REVIEW;TOPIC_TAG_REVIEW,REVIEW,A_LONG;E_STRUCTURE,"56A. Manner of election to notified Societies:- (i) The elections of the societies notified by the State Government under Section 73-IC, shall be held or cause to be held by the Registrar through the "
MH_RULES_1961_FORM_M_SUB_5,MH_RULES_1961,child,983,46,47,,,,Form M-4 :,LONG_CHUNK_NO_SAFE_SPLIT,METADATA_REVIEW,REVIEW,A_LONG,"56V. Appointment of Polling Agents and Counting Agents:- (J) At an election at which a poll is to be taken, any contesting candidate may appoint one agent and one relief agent to act as Polling Agents"
MH_RULES_1961_FORM_M_SUB_6,MH_RULES_1961,child,1446,47,50,,,,Form M-4 :,LONG_CHUNK_NO_SAFE_SPLIT,METADATA_REVIEW,REVIEW,A_LONG,"56A-4. The preparation of ballot boxes for poll:- (J) Where a paper seal is used for securing a ballot box, the Presiding Officer shall affix his own signature on the paper seal and obtain thereon the"
MH_RULES_1961_FORM_M_SUB_13,MH_RULES_1961,child,1059,53,55,,,,Form M-4 :,LONG_CHUNK_NO_SAFE_SPLIT,METADATA_REVIEW,REVIEW,A_LONG,"56A-23. Scrutiny and rejection of ballot papers:-

(1) The ballot papers taken out of each ballot box shall be arranged in convenient bundles and scrutinised.

(2) The Returning Officer shall reject a"
MH_RULES_1961_RULE_57_SUB_1,MH_RULES_1961,child,1437,57,59,,57,,Prohibition against being interested in contracts etc:- (1),LONG_CHUNK_NO_SAFE_SPLIT,METADATA_REVIEW;TOPIC_TAG_REVIEW,REVIEW,A_LONG,"(1) No officer of a society shall have any interest, directly or indirectly otherwise than as such Officer;—

(a) in any contract made with or by the society; or

(b) in any property sold or purchased"
MH_RULES_1961_FORM_P_SUB_5,MH_RULES_1961,child,1272,73,75,,,,"Form P, make the following averments, namely ;—",LONG_CHUNK_NO_SAFE_SPLIT,METADATA_REVIEW,REVIEW,A_LONG,"85. Transfer of property which cannot be sold:-(1) When in execution of an order sought to be executed under Section 98 any property cannot be sold for want of buyers, if such property is in the posse"
MH_RULES_1961_RULE_93,MH_RULES_1961,child,1449,80,82,,93,,Procedure for Submission and consideration of applications for loans,LONG_CHUNK_NO_SAFE_SPLIT;STRUCTURE_UNCERTAIN;TOC_REVIEW,METADATA_REVIEW,REVIEW,A_LONG;E_STRUCTURE,"Chapter X

Land Development Banks

93. Procedure for Submission and consideration of applications for loans from Land Development Banks:-

(1) All applications for loans from a Land Development Bank s"
MH_RULES_1961_RULE_107,MH_RULES_1961,child,5770,87,95,,107,,1 [Procedure for attachment and sale of property under Section 156.]:,LONG_CHUNK_NO_SAFE_SPLIT;STRUCTURE_UNCERTAIN,METADATA_REVIEW;TOPIC_TAG_REVIEW,REVIEW,A_LONG;E_STRUCTURE;C_TOP20_LONG,"Chapter XII

Miscellaneous

107.1 [Procedure for attachment and sale of property under Section 156.]:-

1[(l) A creditor holding a decree requiring the provisions of Section 156 to be applied, or soci"
MH_RULES_1961_RULE_107A,MH_RULES_1961,child,1405,95,99,,107A,,Maximum rates of travelling allowance and daily allowance and,LONG_CHUNK_NO_SAFE_SPLIT;STRUCTURE_UNCERTAIN;TABLE_REVIEW,METADATA_REVIEW;TOPIC_TAG_REVIEW,REVIEW,A_LONG;E_STRUCTURE;F_TABLE,"1[ 107A. Maximum rates of travelling allowance and daily allowance and sitting fees, etc for members of Committees:- Subject to the provisions of section 160-A, no member of a committee of any society"
MH_RULES_1961_FORM_N,MH_RULES_1961,child,1108,133,138,,,,FORM N,LONG_CHUNK_NO_SAFE_SPLIT,METADATA_REVIEW;TOPIC_TAG_REVIEW,REVIEW,A_LONG,"FORM N [See Rule 62(1)]

Balance Sheet

Instructions in accordance Liabilities with which liabilities should be Figures for

Figures

made out

the

for the

previous

current

1

year

3

year

2

4 "
PACS_MODEL_BYLAWS_SCHEDULE_D_002,PACS_MODEL_BYLAWS,parent,1961,21,29,,,,Scheduled Castes or Scheduled Tribes member in the Board.,CONTEXT_PARENT;LONG_CHUNK_NO_SAFE_SPLIT,METADATA_REVIEW;TOPIC_TAG_REVIEW,REVIEW,A_LONG,"Scheduled Castes or Scheduled Tribes member in the Board.

(4) The term of office of the Board of Directors shall be 5 years from the date of

election.

(5) The Board shall take necessary steps as pe"
PMFBY_2023_SEC_003,PMFBY_2023,child,971,4,8,,,,TABLE INDEX,LONG_CHUNK_NO_SAFE_SPLIT;TABLE_REVIEW,METADATA_REVIEW,REVIEW,A_LONG;F_TABLE,"TABLE INDEX

Table No. | Topic | Para. No.
Table 1 | Premium Rate Payable by the Farmer | 13.1
Table 2 | Seasonality Discipline | 16.4
Table 3 | Calculation of Crop-wise Sum Insured | 17.6.6
Table 4 |"
PMFBY_2023_SEC_16_4,PMFBY_2023,child,2475,52,57,16.4,,,Seasonality Discipline,LONG_CHUNK_NO_SAFE_SPLIT;TABLE_REVIEW,HIERARCHY_REVIEW;METADATA_REVIEW;TOPIC_TAG_REVIEW,REVIEW,A_LONG;F_TABLE;C_TOP20_LONG,"16.4 The broad indicative seasonality discipline is given in the Table 2 below:

Action to

S. No.

Activity

Kharif

Rabi

be taken by

Nodal

Conduct of SLCCCI meeting to take decision

15th Novembe"
PMFBY_2023_SEC_21_3_5_11,PMFBY_2023,child,1117,92,95,21.3.5.11,,,Prevented/Failed Sowing and Prevented Planting/Germination Claims,LONG_CHUNK_NO_SAFE_SPLIT;TABLE_REVIEW,HIERARCHY_REVIEW;METADATA_REVIEW;TOPIC_TAG_REVIEW,REVIEW,A_LONG;F_TABLE,"21.3.5.11 Detailed Procedure and Timelines for payment of Prevented / Failed Sowing and Prevented Planting / Germination Claims is mentioned in Table 8 below:

Schedule for taking

Sl. No. Action requ"
PMFBY_2023_ANNEXURE_IV,PMFBY_2023,child,1100,182,185,,,,ANNEXURE- IV,LONG_CHUNK_NO_SAFE_SPLIT;TABLE_REVIEW,METADATA_REVIEW;TOPIC_TAG_REVIEW,REVIEW,A_LONG;F_TABLE,"ANNEXURE- IV

Checklist for STAC while disposing-off Yield Disputes under PMFBY and for referring

case to Central TAC

SN | Particular | | (Yes/No) | If Yes- then give date and attach as Annexure, If"
PMFBY_2023_ANNEXURE_V,PMFBY_2023,parent,8736,186,210,,,,ANNEXURE- V,CONTEXT_PARENT;LONG_CHUNK_NO_SAFE_SPLIT;TABLE_REVIEW,METADATA_REVIEW;TOPIC_TAG_REVIEW,REVIEW,A_LONG;F_TABLE;C_TOP20_LONG,"ANNEXURE- V

Illustration of Modalities of Claim Settlement under Multiple Events of similar or

different Perils at same land-parcel & Crop under PMFBY

Scenarios | | | Clarifications/Remarks |
1. Cl"
PMFBY_2023_ANNEXURE_V_SUB_2,PMFBY_2023,child,1104,208,210,,,,ANNEXURE- V,LONG_CHUNK_NO_SAFE_SPLIT;TABLE_REVIEW,METADATA_REVIEW;TOPIC_TAG_REVIEW,REVIEW,A_LONG;F_TABLE,"Residual Sum

Sum Insured value remains identical

Insured for

after invocation of WSL/MSA loss

Localized Claims

%age and will not be reduced by

(Rs.)

41,875

localized claim amount paid

Residua"
